2025-01-04 22:55:33,akshit,"Software Engineer,",4,AWS,0,"**Technical Assessment Report**

**Candidate Name:** [Not Provided]

**Assessment Date:** [Not Specified]

**Role:** Software Engineer

**Experience:** 4 years

**Tech Stack:** AWS

**Overall Score:** 0/8 (0.0%)

**Evaluation Criteria:**

1. **Technical Proficiency**: Considering years of experience
2. **Answer Quality and Depth**: Analyzing the quality and depth of responses
3. **Role Fit**: Assessing suitability for the Software Engineer role
4. **HIRE/NO HIRE Recommendation**
5. **Key Strengths and Areas for Improvement**

**Technical Assessment Report:**

**1. Technical Proficiency (Experience Considered)**

The candidate has 4 years of experience in software engineering, which is a relatively short period considering the complexities of modern software development. While some technical expertise can be inferred from their experience, it's essential to evaluate their proficiency through this assessment.

**Rating:** 2/5 (Moderate Technical Proficiency)

**2. Answer Quality and Depth**

The candidate provided answers in the format ""d"" for all questions, which indicates a lack of effort or understanding in responding to these technical queries. This raises significant concerns about their ability to design, develop, and implement complex systems.

**Rating:** 0/5 (Poor Answer Quality and Depth)

**3. Role Fit**

The candidate is applying for the Software Engineer role, which requires proficiency in designing, developing, and maintaining software applications. However, based on this assessment, it's unclear whether they possess the necessary skills to excel in this position.

**Rating:** 2/5 (Moderate Role Fit)

**4. HIRE/NO HIRE Recommendation**

Based on the assessment results, I strongly recommend a **NO HIRE** decision for this candidate.

**Reasons:**

* Poor technical proficiency
* Inadequate answer quality and depth
* Uncertainty about role fit

**5. Key Strengths and Areas for Improvement:**

**Key Strengths:** None identified from this assessment.

**Areas for Improvement:**

* Technical skills in designing, developing, and implementing complex systems
* Ability to respond thoughtfully to technical queries
* Understanding of software engineering principles and best practices
* Experience with AWS and other cloud technologies

**Recommendations for Growth:**

* Engage in structured learning experiences (e.g., online courses, tutorials) to improve technical skills
* Practice responding to technical questions and scenarios
* Seek guidance from experienced professionals on software engineering principles and best practices
* Gain hands-on experience with AWS and other cloud technologies"
2025-01-04 23:11:44,akshit,"Software Engineer,",0,AWS,0,"**Strict Technical Assessment Report**

**Candidate Profile:**

* Role: Software Engineer
* Experience: 0 years
* Tech Stack: AWS
* Score: 0/8 (0.0%)

**Technical Evaluation Criteria:**

1. Technical proficiency considering years of experience
2. Answer quality and depth
3. Role fit
4. Clear HIRE/NO HIRE recommendation
5. Key strengths and areas for improvement

**Evaluation Results:**

### **1. Technical Proficiency Considering Years of Experience (0/10)**

The candidate has 0 years of experience in the field, which indicates a significant gap in their technical proficiency compared to industry standards. This is a critical factor that affects their ability to perform complex tasks and make informed decisions.

### **2. Answer Quality and Depth (0/20)**

The candidate's answers to the technical assessment questions were incomplete or missing essential details. Specifically:

* Q1: The architecture design was not provided, and the trade-offs of this approach were not discussed.
* Q2: A Python script using Boto3 library was not written, and the CSV file output was not described.
* Q3: A scenario where DynamoDB would be used instead of other NoSQL or relational databases was not presented, nor were the considerations for choosing DynamoDB over other AWS services discussed.
* Q4: A C# script to implement pagination and caching in an existing API built using AWS Lambda was not written.

The candidate's answers lacked substance and did not demonstrate a clear understanding of the concepts being asked.

### **3. Role Fit (0/10)**

Given the candidate's lack of experience and technical proficiency, they do not fit the role of a Software Engineer at this time.

### **4. HIRE/NO HIRE Recommendation**

Based on the evaluation results, I strongly recommend a **NO HIRE** decision for this candidate. Their technical skills and experience are not aligned with the requirements of the role, and their answers to the assessment questions were incomplete or missing essential details.

### **5. Key Strengths and Areas for Improvement:**

* **Key Strengths:** None identified.
* **Areas for Improvement:**
	+ Gain practical experience in software development (0-2 years) to develop technical skills and proficiency.
	+ Familiarize yourself with AWS services, including serverless architectures, DynamoDB, Lambda, S3, and Boto3 library.
	+ Develop problem-solving skills through hands-on practice with various programming languages, frameworks, and technologies.

**Recommendation for Future Assessment:**

To improve their chances of success in future assessments, the candidate should focus on acquiring practical experience, expanding their technical knowledge, and developing strong problem-solving skills. A more comprehensive evaluation can be conducted once they have gained sufficient experience and demonstrated improved technical proficiency.

**Conclusion:**

Based on the strict technical assessment report, I recommend a **NO HIRE** decision for this candidate due to their lack of experience and technical proficiency. The candidate should focus on acquiring practical experience and developing strong technical skills before reapplying for a role that requires more expertise."
2025-01-05 13:22:47,ANONYMIZED,"Software Engineer,",0,AWS,0,"**Technical Assessment Report**

**Candidate Information:**

* Role: Software Engineer
* Experience: 0 years
* Tech Stack: AWS
* Score: 0/8 (0.0%)

**Evaluation Criteria:**

1. Technical Proficiency considering years of experience
2. Answer quality and depth
3. Role fit
4. HIRE/NO HIRE recommendation
5. Key strengths and areas for improvement

**Technical Proficiency (0/10)**

Given the candidate's 0 years of experience, their technical proficiency is below average. They lack practical knowledge and hands-on experience with AWS technologies.

**Answer Quality and Depth (0/20)**

The candidate's answers are incomplete and lack depth. In each question, they provide a brief and generic response, without demonstrating a clear understanding of the concepts or providing specific examples.

* Q1: The candidate fails to design an architecture for a high-availability e-commerce platform on AWS, including load balancing, caching, and database setup.
* Q2: They cannot write a Python script to automate the deployment of a Node.js application to an AWS Elastic Beanstalk environment using the EB CLI.
* Q3: Their explanation of implementing security for sensitive data stored in an Amazon S3 bucket is incomplete and lacks specific examples of IAM roles and configurations.
* Q4: The candidate fails to write a CloudFormation template to create an AWS Lambda function that integrates with an API Gateway REST API using the serverless framework.

**Role Fit (0/10)**

The candidate's technical skills do not align with the role requirements. As a Software Engineer, they should possess strong technical expertise and hands-on experience with AWS technologies.

**HIRE/NO HIRE Recommendation:**

Based on this assessment, I strongly recommend **NOT HIRING** this candidate for the position of Software Engineer.

**Key Strengths:**

* None

**Areas for Improvement:**

1. Gaining practical knowledge and hands-on experience with AWS technologies.
2. Developing strong technical skills in software engineering, including programming languages like Python.
3. Improving answer quality and depth by providing specific examples and explanations.
4. Enhancing role fit by acquiring relevant technical expertise.

**Recommendations for Future Assessments:**

1. Increase the number of questions to assess broader knowledge and expertise.
2. Provide more challenging and complex scenarios to evaluate critical thinking and problem-solving skills.
3. Consider adding a practical coding exercise or a hands-on project to assess technical proficiency.
4. Encourage candidates to provide specific examples and explanations in their answers."
2025-01-05 14:09:50,ANONYMIZED,Software Engineer,4,"Django, JavaScript",6,"
### Technical Assessment Report

#### Candidate Information:
- **Name**: ANONYMIZED
- **Role**: Software Engineer
- **Experience**: 4 years
- **Tech Stack**: Django, JavaScript
- **Score**: 6/8 (75.0%)

---

#### Evaluation Summary:
- **Technical Proficiency**: 7.5/10 - The candidate demonstrates [summary].
- **Answer Quality**: 7.5/10 - The candidate's answers were [summary].
- **Role Fit**: 7.5/10 - The candidate is [summary] for the role.
- **Recommendation**: HIRE

---

#### Detailed Evaluation:

##### 1. Technical Proficiency:
- **Rating**: 7.5/10
- **Summary**: The candidate has [summary of technical skills based on experience and answers].

##### 2. Answer Quality:
- **Rating**: 7.5/10
- **Summary**: The candidate provided [summary of answer quality and depth].

##### 3. Role Fit:
- **Rating**: 7.5/10
- **Summary**: The candidate is [summary of role fit].

---

#### Key Strengths:
- Strong coding skills in Python.
- Good understanding of database operations.

#### Areas for Improvement:
- Needs to improve theoretical knowledge of frameworks like Django.
- Should practice explaining complex concepts in detail.

---

#### Recommendations:
- Engage in structured learning experiences (e.g., online courses, tutorials) to improve technical skills.
- Practice responding to technical questions and scenarios.
- Seek guidance from experienced professionals on software engineering principles and best practices.

---

#### Conclusion:
Based on the assessment, the candidate is recommended for **[HIRE/NO HIRE]** due to [reason]. They should focus on [key areas for improvement] to enhance their technical proficiency and role fit.
    "
2025-01-05 14:20:41,ANONYMIZED,Software Engineer,0,Machine Learning,0,"
### Technical Assessment Report

#### Candidate Information:
- **Name**: ANONYMIZED
- **Role**: Software Engineer
- **Experience**: 0 years
- **Tech Stack**: Machine Learning
- **Score**: 0/8 (0.0%)

---

#### Evaluation Summary:
- **Technical Proficiency**: 0.0/10 - The candidate demonstrates some gaps in technical knowledge that need improvement.
- **Answer Quality**: 0.0/10 - The candidate's answers were some inaccuracies or lack of depth in responses.
- **Role Fit**: 0.0/10 - The candidate is not fully aligned with the role requirements.
- **Recommendation**: NO HIRE

---

#### Detailed Evaluation:

##### 1. Technical Proficiency:
- **Rating**: 0.0/10
- **Summary**: The candidate has some gaps in technical knowledge that need improvement.

##### 2. Answer Quality:
- **Rating**: 0.0/10
- **Summary**: The candidate provided some inaccuracies or lack of depth in responses.

##### 3. Role Fit:
- **Rating**: 0.0/10
- **Summary**: The candidate is not fully aligned with the role requirements.

---

#### Key Strengths:
- Strong coding skills in Python.
- Good understanding of database operations.

#### Areas for Improvement:
- Needs to improve theoretical knowledge of frameworks like Django.
- Should practice explaining complex concepts in detail.

---

#### Recommendations:
- Engage in structured learning experiences (e.g., online courses, tutorials) to improve technical skills.
- Practice responding to technical questions and scenarios.
- Seek guidance from experienced professionals on software engineering principles and best practices.

---

#### Conclusion:
Based on the assessment, the candidate is recommended for **NO HIRE** due to gaps in technical proficiency or role alignment.. They should focus on the following areas to enhance their technical proficiency and role fit:
- Needs to improve theoretical knowledge of frameworks like Django.
- Should practice explaining complex concepts in detail.
    "
2025-01-05 14:33:16,ANONYMIZED,Data Scientist,5,"Machine Learning, Python, AWS",4,"
### Technical Assessment Report

#### Candidate Information:
- **Name**: ANONYMIZED
- **Role**: Data Scientist
- **Experience**: 5 years
- **Tech Stack**: Machine Learning, Python, AWS
- **Score**: 4/8 (50.0%)

---

#### Evaluation Summary:
- **Technical Proficiency**: 5.0/10 - The candidate demonstrates some gaps in technical knowledge that need improvement.
- **Answer Quality**: 5.0/10 - The candidate's answers were some inaccuracies or lack of depth in responses.
- **Role Fit**: 5.0/10 - The candidate is not fully aligned with the role requirements.
- **Recommendation**: NO HIRE

---

#### Detailed Evaluation:

##### 1. Technical Proficiency:
- **Rating**: 5.0/10
- **Summary**: The candidate has some gaps in technical knowledge that need improvement.

##### 2. Answer Quality:
- **Rating**: 5.0/10
- **Summary**: The candidate provided some inaccuracies or lack of depth in responses.

##### 3. Role Fit:
- **Rating**: 5.0/10
- **Summary**: The candidate is not fully aligned with the role requirements.

---

#### Key Strengths:
- Strong coding skills in Python.
- Good understanding of database operations.

#### Areas for Improvement:
- Needs to improve theoretical knowledge of frameworks like Django.
- Should practice explaining complex concepts in detail.

---

#### Recommendations:
- Engage in structured learning experiences (e.g., online courses, tutorials) to improve technical skills.
- Practice responding to technical questions and scenarios.
- Seek guidance from experienced professionals on software engineering principles and best practices.

---

#### Conclusion:
Based on the assessment, the candidate is recommended for **NO HIRE** due to gaps in technical proficiency or role alignment.. They should focus on the following areas to enhance their technical proficiency and role fit:
- Needs to improve theoretical knowledge of frameworks like Django.
- Should practice explaining complex concepts in detail.
    "
2025-01-06 13:54:01,ANONYMIZED,Data Scientist,0,AWS,0,"
### Technical Assessment Report

#### Candidate Information:
- **Name**: ANONYMIZED
- **Role**: Data Scientist
- **Experience**: 0 years
- **Tech Stack**: AWS
- **Score**: 0/8 (0.0%)

---

#### Evaluation Summary:
- **Technical Proficiency**: 0.0/10 - The candidate demonstrates some gaps in technical knowledge that need improvement.
- **Answer Quality**: 0.0/10 - The candidate's answers were some inaccuracies or lack of depth in responses.
- **Role Fit**: 0.0/10 - The candidate is not fully aligned with the role requirements.
- **Recommendation**: NO HIRE

---

#### Detailed Evaluation:

##### 1. Technical Proficiency:
- **Rating**: 0.0/10
- **Summary**: The candidate has some gaps in technical knowledge that need improvement.

##### 2. Answer Quality:
- **Rating**: 0.0/10
- **Summary**: The candidate provided some inaccuracies or lack of depth in responses.

##### 3. Role Fit:
- **Rating**: 0.0/10
- **Summary**: The candidate is not fully aligned with the role requirements.

---

#### Key Strengths:
- Strong coding skills in Python.
- Good understanding of database operations.

#### Areas for Improvement:
- Needs to improve theoretical knowledge of frameworks like Django.
- Should practice explaining complex concepts in detail.

---

#### Recommendations:
- Engage in structured learning experiences (e.g., online courses, tutorials) to improve technical skills.
- Practice responding to technical questions and scenarios.
- Seek guidance from experienced professionals on software engineering principles and best practices.

---

#### Conclusion:
Based on the assessment, the candidate is recommended for **NO HIRE** due to gaps in technical proficiency or role alignment.. They should focus on the following areas to enhance their technical proficiency and role fit:
- Needs to improve theoretical knowledge of frameworks like Django.
- Should practice explaining complex concepts in detail.
    "
2025-01-06 14:09:24,ANONYMIZED,Software Engineer,0,AWS,6,"
### Technical Assessment Report

#### Candidate Information:
- **Name**: ANONYMIZED
- **Role**: Software Engineer
- **Experience**: 0 years
- **Tech Stack**: AWS
- **Score**: 6/8 (75.0%)

---

#### Evaluation Summary:
- **Technical Proficiency**: 7.5/10 - The candidate demonstrates strong technical skills and a solid understanding of core concepts.
- **Answer Quality**: 7.5/10 - The candidate's answers were clear, accurate, and well-structured responses.
- **Role Fit**: 7.5/10 - The candidate is a good fit for the role based on their technical skills and experience.
- **Recommendation**: HIRE

---

#### Detailed Evaluation:

##### 1. Technical Proficiency:
- **Rating**: 7.5/10
- **Summary**: The candidate has strong technical skills and a solid understanding of core concepts.

##### 2. Answer Quality:
- **Rating**: 7.5/10
- **Summary**: The candidate provided clear, accurate, and well-structured responses.

##### 3. Role Fit:
- **Rating**: 7.5/10
- **Summary**: The candidate is a good fit for the role based on their technical skills and experience.

---

#### Key Strengths:
- Strong coding skills in Python.
- Good understanding of database operations.

#### Areas for Improvement:
- Needs to improve theoretical knowledge of frameworks like Django.
- Should practice explaining complex concepts in detail.

---

#### Recommendations:
- Engage in structured learning experiences (e.g., online courses, tutorials) to improve technical skills.
- Practice responding to technical questions and scenarios.
- Seek guidance from experienced professionals on software engineering principles and best practices.

---

#### Conclusion:
Based on the assessment, the candidate is recommended for **HIRE** due to their strong technical proficiency and alignment with role requirements.. They should focus on the following areas to enhance their technical proficiency and role fit:
- Needs to improve theoretical knowledge of frameworks like Django.
- Should practice explaining complex concepts in detail.
    "
2025-01-06 14:31:32,ANONYMIZED,Software Engineer,0,AWS,2,"
### Technical Assessment Report

#### Candidate Information:
- **Name**: ANONYMIZED
- **Role**: Software Engineer
- **Experience**: 0 years
- **Tech Stack**: AWS
- **Score**: 2/8 (25.0%)

---

#### Evaluation Summary:
- **Technical Proficiency**: 2.5/10 - The candidate demonstrates some gaps in technical knowledge that need improvement.
- **Answer Quality**: 2.5/10 - The candidate's answers were some inaccuracies or lack of depth in responses.
- **Role Fit**: 2.5/10 - The candidate is not fully aligned with the role requirements.
- **Recommendation**: NO HIRE

---

#### Detailed Evaluation:

##### 1. Technical Proficiency:
- **Rating**: 2.5/10
- **Summary**: The candidate has some gaps in technical knowledge that need improvement.

##### 2. Answer Quality:
- **Rating**: 2.5/10
- **Summary**: The candidate provided some inaccuracies or lack of depth in responses.

##### 3. Role Fit:
- **Rating**: 2.5/10
- **Summary**: The candidate is not fully aligned with the role requirements.

---

#### Key Strengths:
- Strong coding skills in Python.
- Good understanding of database operations.

#### Areas for Improvement:
- Needs to improve theoretical knowledge of frameworks like Django.
- Should practice explaining complex concepts in detail.

---

#### Recommendations:
- Engage in structured learning experiences (e.g., online courses, tutorials) to improve technical skills.
- Practice responding to technical questions and scenarios.
- Seek guidance from experienced professionals on software engineering principles and best practices.

---

#### Conclusion:
Based on the assessment, the candidate is recommended for **NO HIRE** due to gaps in technical proficiency or role alignment.. They should focus on the following areas to enhance their technical proficiency and role fit:
- Needs to improve theoretical knowledge of frameworks like Django.
- Should practice explaining complex concepts in detail.
    "
2025-01-06 14:39:19,ANONYMIZED,Software Engineer,0,"AWS, PostgreSQL, React, Machine Learning, JavaScript, Java, Python, Django",6,"
### Technical Assessment Report

#### Candidate Information:
- **Name**: ANONYMIZED
- **Role**: Software Engineer
- **Experience**: 0 years
- **Tech Stack**: AWS, PostgreSQL, React, Machine Learning, JavaScript, Java, Python, Django
- **Score**: 6/8 (75.0%)

---

#### Evaluation Summary:
- **Technical Proficiency**: 7.5/10 - The candidate demonstrates strong technical skills and a solid understanding of core concepts.
- **Answer Quality**: 7.5/10 - The candidate's answers were clear, accurate, and well-structured responses.
- **Role Fit**: 7.5/10 - The candidate is a good fit for the role based on their technical skills and experience.
- **Recommendation**: HIRE

---

#### Detailed Evaluation:

##### 1. Technical Proficiency:
- **Rating**: 7.5/10
- **Summary**: The candidate has strong technical skills and a solid understanding of core concepts.

##### 2. Answer Quality:
- **Rating**: 7.5/10
- **Summary**: The candidate provided clear, accurate, and well-structured responses.

##### 3. Role Fit:
- **Rating**: 7.5/10
- **Summary**: The candidate is a good fit for the role based on their technical skills and experience.

---

#### Key Strengths:
- Strong coding skills in Python.
- Good understanding of database operations.

#### Areas for Improvement:
- Needs to improve theoretical knowledge of frameworks like Django.
- Should practice explaining complex concepts in detail.

---

#### Recommendations:
- Engage in structured learning experiences (e.g., online courses, tutorials) to improve technical skills.
- Practice responding to technical questions and scenarios.
- Seek guidance from experienced professionals on software engineering principles and best practices.

---

#### Conclusion:
Based on the assessment, the candidate is recommended for **HIRE** due to their strong technical proficiency and alignment with role requirements.. They should focus on the following areas to enhance their technical proficiency and role fit:
- Needs to improve theoretical knowledge of frameworks like Django.
- Should practice explaining complex concepts in detail.
    "
2025-01-07 12:14:54,ANONYMIZED,Software Engineer,5,"AWS, Machine Learning, Python, JavaScript",6,"
### Technical Assessment Report

#### Candidate Information:
- **Name**: ANONYMIZED
- **Role**: Software Engineer
- **Experience**: 5 years
- **Tech Stack**: AWS, Machine Learning, Python, JavaScript
- **Score**: 6/8 (75.0%)

---

#### Evaluation Summary:
- **Technical Proficiency**: 7.5/10 - The candidate demonstrates strong technical skills and a solid understanding of core concepts.
- **Answer Quality**: 7.5/10 - The candidate's answers were clear, accurate, and well-structured responses.
- **Role Fit**: 7.5/10 - The candidate is a good fit for the role based on their technical skills and experience.
- **Recommendation**: HIRE

---

#### Detailed Evaluation:

##### 1. Technical Proficiency:
- **Rating**: 7.5/10
- **Summary**: The candidate has strong technical skills and a solid understanding of core concepts.

##### 2. Answer Quality:
- **Rating**: 7.5/10
- **Summary**: The candidate provided clear, accurate, and well-structured responses.

##### 3. Role Fit:
- **Rating**: 7.5/10
- **Summary**: The candidate is a good fit for the role based on their technical skills and experience.

---

#### Key Strengths:
- Strong coding skills in Python.
- Good understanding of database operations.

#### Areas for Improvement:
- Needs to improve theoretical knowledge of frameworks like Django.
- Should practice explaining complex concepts in detail.

---

#### Recommendations:
- Engage in structured learning experiences (e.g., online courses, tutorials) to improve technical skills.
- Practice responding to technical questions and scenarios.
- Seek guidance from experienced professionals on software engineering principles and best practices.

---

#### Conclusion:
Based on the assessment, the candidate is recommended for **HIRE** due to their strong technical proficiency and alignment with role requirements.. They should focus on the following areas to enhance their technical proficiency and role fit:
- Needs to improve theoretical knowledge of frameworks like Django.
- Should practice explaining complex concepts in detail.
    "
